DEPARTAMENTO,semana,semana_epi,sumpoblacion,anio_epi,n,Mortalidad
AMAZONAS,01/04/2021,1,427041,2021,22,5
AMAZONAS,01/11/2021,2,427041,2021,20,4
AMAZONAS,01/18/2021,3,427041,2021,28,6
AMAZONAS,01/25/2021,4,427041,2021,23,5
AMAZONAS,02/01/2021,5,427041,2021,32,7
AMAZONAS,02/08/2021,6,427041,2021,32,7
AMAZONAS,02/15/2021,7,427041,2021,38,8
AMAZONAS,02/22/2021,8,427041,2021,26,6
AMAZONAS,03/01/2021,9,427041,2021,27,6
AMAZONAS,03/08/2021,10,427041,2021,35,8
AMAZONAS,03/15/2021,11,427041,2021,23,5
AMAZONAS,03/22/2021,12,427041,2021,32,7
AMAZONAS,03/29/2021,13,427041,2021,25,5
AMAZONAS,04/05/2021,14,427041,2021,36,8
AMAZONAS,04/12/2021,15,427041,2021,38,8
AMAZONAS,04/19/2021,16,427041,2021,41,9
AMAZONAS,04/26/2021,17,427041,2021,43,10
AMAZONAS,05/03/2021,18,427041,2021,30,7
AMAZONAS,05/10/2021,19,427041,2021,44,10
AMAZONAS,05/17/2021,20,427041,2021,38,8
AMAZONAS,05/24/2021,21,427041,2021,28,6
AMAZONAS,05/31/2021,22,427041,2021,38,8
AMAZONAS,06/07/2021,23,427041,2021,32,7
AMAZONAS,06/14/2021,24,427041,2021,20,4
AMAZONAS,06/21/2021,25,427041,2021,13,3
AMAZONAS,06/28/2021,26,427041,2021,17,3
AMAZONAS,07/05/2021,27,427041,2021,23,5
AMAZONAS,07/12/2021,28,427041,2021,21,4
AMAZONAS,07/19/2021,29,427041,2021,18,4
AMAZONAS,07/26/2021,30,427041,2021,24,5
AMAZONAS,08/02/2021,31,427041,2021,17,3
AMAZONAS,08/09/2021,32,427041,2021,14,3
AMAZONAS,08/16/2021,33,427041,2021,22,5
AMAZONAS,08/23/2021,34,427041,2021,21,4
AMAZONAS,08/30/2021,35,427041,2021,18,4
AMAZONAS,09/06/2021,36,427041,2021,15,3
AMAZONAS,09/13/2021,37,427041,2021,18,4
AMAZONAS,09/20/2021,38,427041,2021,17,3
AMAZONAS,09/27/2021,39,427041,2021,13,3
AMAZONAS,10/04/2021,40,427041,2021,11,2
AMAZONAS,10/11/2021,41,427041,2021,14,3
AMAZONAS,10/18/2021,42,427041,2021,15,3
AMAZONAS,10/25/2021,43,427041,2021,15,3
AMAZONAS,11/01/2021,44,427041,2021,14,3
AMAZONAS,11/08/2021,45,427041,2021,10,2
AMAZONAS,11/15/2021,46,427041,2021,4,0
ANCASH,01/04/2021,1,1171756,2021,180,15
ANCASH,01/11/2021,2,1171756,2021,216,18
ANCASH,01/18/2021,3,1171756,2021,227,19
ANCASH,01/25/2021,4,1171756,2021,251,21
ANCASH,02/01/2021,5,1171756,2021,239,20
ANCASH,02/08/2021,6,1171756,2021,264,22
ANCASH,02/15/2021,7,1171756,2021,214,18
ANCASH,02/22/2021,8,1171756,2021,216,18
ANCASH,03/01/2021,9,1171756,2021,252,21
ANCASH,03/08/2021,10,1171756,2021,259,22
ANCASH,03/15/2021,11,1171756,2021,299,25
ANCASH,03/22/2021,12,1171756,2021,300,25
ANCASH,03/29/2021,13,1171756,2021,333,28
ANCASH,04/05/2021,14,1171756,2021,367,31
ANCASH,04/12/2021,15,1171756,2021,446,38
ANCASH,04/19/2021,16,1171756,2021,451,38
ANCASH,04/26/2021,17,1171756,2021,385,32
ANCASH,05/03/2021,18,1171756,2021,363,30
ANCASH,05/10/2021,19,1171756,2021,309,26
ANCASH,05/17/2021,20,1171756,2021,300,25
ANCASH,05/24/2021,21,1171756,2021,249,21
ANCASH,05/31/2021,22,1171756,2021,214,18
ANCASH,06/07/2021,23,1171756,2021,199,16
ANCASH,06/14/2021,24,1171756,2021,165,14
ANCASH,06/21/2021,25,1171756,2021,154,13
ANCASH,06/28/2021,26,1171756,2021,151,12
ANCASH,07/05/2021,27,1171756,2021,148,12
ANCASH,07/12/2021,28,1171756,2021,131,11
ANCASH,07/19/2021,29,1171756,2021,146,12
ANCASH,07/26/2021,30,1171756,2021,111,9
ANCASH,08/02/2021,31,1171756,2021,113,9
ANCASH,08/09/2021,32,1171756,2021,136,11
ANCASH,08/16/2021,33,1171756,2021,110,9
ANCASH,08/23/2021,34,1171756,2021,130,11
ANCASH,08/30/2021,35,1171756,2021,114,9
ANCASH,09/06/2021,36,1171756,2021,111,9
ANCASH,09/13/2021,37,1171756,2021,111,9
ANCASH,09/20/2021,38,1171756,2021,103,8
ANCASH,09/27/2021,39,1171756,2021,108,9
ANCASH,10/04/2021,40,1171756,2021,125,10
ANCASH,10/11/2021,41,1171756,2021,109,9
ANCASH,10/18/2021,42,1171756,2021,127,10
ANCASH,10/25/2021,43,1171756,2021,131,11
ANCASH,11/01/2021,44,1171756,2021,124,10
ANCASH,11/08/2021,45,1171756,2021,123,10
ANCASH,11/15/2021,46,1171756,2021,40,3
APURIMAC,01/04/2021,1,466936,2021,77,16
APURIMAC,01/11/2021,2,466936,2021,61,13
APURIMAC,01/18/2021,3,466936,2021,92,19
APURIMAC,01/25/2021,4,466936,2021,72,15
APURIMAC,02/01/2021,5,466936,2021,83,17
APURIMAC,02/08/2021,6,466936,2021,84,17
APURIMAC,02/15/2021,7,466936,2021,70,14
APURIMAC,02/22/2021,8,466936,2021,64,13
APURIMAC,03/01/2021,9,466936,2021,87,18
APURIMAC,03/08/2021,10,466936,2021,69,14
APURIMAC,03/15/2021,11,466936,2021,75,16
APURIMAC,03/22/2021,12,466936,2021,101,21
APURIMAC,03/29/2021,13,466936,2021,86,18
APURIMAC,04/05/2021,14,466936,2021,109,23
APURIMAC,04/12/2021,15,466936,2021,110,23
APURIMAC,04/19/2021,16,466936,2021,107,22
APURIMAC,04/26/2021,17,466936,2021,126,26
APURIMAC,05/03/2021,18,466936,2021,131,28
APURIMAC,05/10/2021,19,466936,2021,107,22
APURIMAC,05/17/2021,20,466936,2021,120,25
APURIMAC,05/24/2021,21,466936,2021,83,17
APURIMAC,05/31/2021,22,466936,2021,86,18
APURIMAC,06/07/2021,23,466936,2021,72,15
APURIMAC,06/14/2021,24,466936,2021,44,9
APURIMAC,06/21/2021,25,466936,2021,76,16
APURIMAC,06/28/2021,26,466936,2021,61,13
APURIMAC,07/05/2021,27,466936,2021,53,11
APURIMAC,07/12/2021,28,466936,2021,46,9
APURIMAC,07/19/2021,29,466936,2021,46,9
APURIMAC,07/26/2021,30,466936,2021,56,11
APURIMAC,08/02/2021,31,466936,2021,45,9
APURIMAC,08/09/2021,32,466936,2021,51,10
APURIMAC,08/16/2021,33,466936,2021,49,10
APURIMAC,08/23/2021,34,466936,2021,38,8
APURIMAC,08/30/2021,35,466936,2021,59,12
APURIMAC,09/06/2021,36,466936,2021,42,8
APURIMAC,09/13/2021,37,466936,2021,59,12
APURIMAC,09/20/2021,38,466936,2021,56,11
APURIMAC,09/27/2021,39,466936,2021,47,10
APURIMAC,10/04/2021,40,466936,2021,53,11
APURIMAC,10/11/2021,41,466936,2021,45,9
APURIMAC,10/18/2021,42,466936,2021,50,10
APURIMAC,10/25/2021,43,466936,2021,46,9
APURIMAC,11/01/2021,44,466936,2021,47,10
APURIMAC,11/08/2021,45,466936,2021,39,8
APURIMAC,11/15/2021,46,466936,2021,14,2
AREQUIPA,01/04/2021,1,1350676,2021,197,14
AREQUIPA,01/11/2021,2,1350676,2021,226,16
AREQUIPA,01/18/2021,3,1350676,2021,244,18
AREQUIPA,01/25/2021,4,1350676,2021,308,22
AREQUIPA,02/01/2021,5,1350676,2021,334,24
AREQUIPA,02/08/2021,6,1350676,2021,306,22
AREQUIPA,02/15/2021,7,1350676,2021,290,21
AREQUIPA,02/22/2021,8,1350676,2021,289,21
AREQUIPA,03/01/2021,9,1350676,2021,300,22
AREQUIPA,03/08/2021,10,1350676,2021,224,16
AREQUIPA,03/15/2021,11,1350676,2021,250,18
AREQUIPA,03/22/2021,12,1350676,2021,233,17
AREQUIPA,03/29/2021,13,1350676,2021,197,14
AREQUIPA,04/05/2021,14,1350676,2021,241,17
AREQUIPA,04/12/2021,15,1350676,2021,268,19
AREQUIPA,04/19/2021,16,1350676,2021,273,20
AREQUIPA,04/26/2021,17,1350676,2021,294,21
AREQUIPA,05/03/2021,18,1350676,2021,348,25
AREQUIPA,05/10/2021,19,1350676,2021,339,25
AREQUIPA,05/17/2021,20,1350676,2021,392,29
AREQUIPA,05/24/2021,21,1350676,2021,434,32
AREQUIPA,05/31/2021,22,1350676,2021,526,38
AREQUIPA,06/07/2021,23,1350676,2021,533,39
AREQUIPA,06/14/2021,24,1350676,2021,538,39
AREQUIPA,06/21/2021,25,1350676,2021,488,36
AREQUIPA,06/28/2021,26,1350676,2021,429,31
AREQUIPA,07/05/2021,27,1350676,2021,330,24
AREQUIPA,07/12/2021,28,1350676,2021,263,19
AREQUIPA,07/19/2021,29,1350676,2021,227,16
AREQUIPA,07/26/2021,30,1350676,2021,176,13
AREQUIPA,08/02/2021,31,1350676,2021,188,13
AREQUIPA,08/09/2021,32,1350676,2021,156,11
AREQUIPA,08/16/2021,33,1350676,2021,141,10
AREQUIPA,08/23/2021,34,1350676,2021,170,12
AREQUIPA,08/30/2021,35,1350676,2021,148,10
AREQUIPA,09/06/2021,36,1350676,2021,155,11
AREQUIPA,09/13/2021,37,1350676,2021,133,9
AREQUIPA,09/20/2021,38,1350676,2021,151,11
AREQUIPA,09/27/2021,39,1350676,2021,150,11
AREQUIPA,10/04/2021,40,1350676,2021,147,10
AREQUIPA,10/11/2021,41,1350676,2021,153,11
AREQUIPA,10/18/2021,42,1350676,2021,134,9
AREQUIPA,10/25/2021,43,1350676,2021,132,9
AREQUIPA,11/01/2021,44,1350676,2021,146,10
AREQUIPA,11/08/2021,45,1350676,2021,145,10
AREQUIPA,11/15/2021,46,1350676,2021,52,3
AYACUCHO,01/04/2021,1,718634,2021,52,7
AYACUCHO,01/11/2021,2,718634,2021,68,9
AYACUCHO,01/18/2021,3,718634,2021,72,10
AYACUCHO,01/25/2021,4,718634,2021,78,10
AYACUCHO,02/01/2021,5,718634,2021,99,13
AYACUCHO,02/08/2021,6,718634,2021,101,14
AYACUCHO,02/15/2021,7,718634,2021,94,13
AYACUCHO,02/22/2021,8,718634,2021,104,14
AYACUCHO,03/01/2021,9,718634,2021,123,17
AYACUCHO,03/08/2021,10,718634,2021,140,19
AYACUCHO,03/15/2021,11,718634,2021,120,16
AYACUCHO,03/22/2021,12,718634,2021,147,20
AYACUCHO,03/29/2021,13,718634,2021,117,16
AYACUCHO,04/05/2021,14,718634,2021,132,18
AYACUCHO,04/12/2021,15,718634,2021,120,16
AYACUCHO,04/19/2021,16,718634,2021,100,13
AYACUCHO,04/26/2021,17,718634,2021,108,15
AYACUCHO,05/03/2021,18,718634,2021,116,16
AYACUCHO,05/10/2021,19,718634,2021,102,14
AYACUCHO,05/17/2021,20,718634,2021,124,17
AYACUCHO,05/24/2021,21,718634,2021,91,12
AYACUCHO,05/31/2021,22,718634,2021,78,10
AYACUCHO,06/07/2021,23,718634,2021,75,10
AYACUCHO,06/14/2021,24,718634,2021,69,9
AYACUCHO,06/21/2021,25,718634,2021,67,9
AYACUCHO,06/28/2021,26,718634,2021,79,10
AYACUCHO,07/05/2021,27,718634,2021,70,9
AYACUCHO,07/12/2021,28,718634,2021,62,8
AYACUCHO,07/19/2021,29,718634,2021,67,9
AYACUCHO,07/26/2021,30,718634,2021,60,8
AYACUCHO,08/02/2021,31,718634,2021,59,8
AYACUCHO,08/09/2021,32,718634,2021,59,8
AYACUCHO,08/16/2021,33,718634,2021,65,9
AYACUCHO,08/23/2021,34,718634,2021,65,9
AYACUCHO,08/30/2021,35,718634,2021,54,7
AYACUCHO,09/06/2021,36,718634,2021,53,7
AYACUCHO,09/13/2021,37,718634,2021,65,9
AYACUCHO,09/20/2021,38,718634,2021,53,7
AYACUCHO,09/27/2021,39,718634,2021,59,8
AYACUCHO,10/04/2021,40,718634,2021,67,9
AYACUCHO,10/11/2021,41,718634,2021,65,9
AYACUCHO,10/18/2021,42,718634,2021,57,7
AYACUCHO,10/25/2021,43,718634,2021,55,7
AYACUCHO,11/01/2021,44,718634,2021,65,9
AYACUCHO,11/08/2021,45,718634,2021,55,7
AYACUCHO,11/15/2021,46,718634,2021,21,2
CAJAMARCA,01/04/2021,1,1543104,2021,112,7
CAJAMARCA,01/11/2021,2,1543104,2021,114,7
CAJAMARCA,01/18/2021,3,1543104,2021,125,8
CAJAMARCA,01/25/2021,4,1543104,2021,127,8
CAJAMARCA,02/01/2021,5,1543104,2021,157,10
CAJAMARCA,02/08/2021,6,1543104,2021,163,10
CAJAMARCA,02/15/2021,7,1543104,2021,129,8
CAJAMARCA,02/22/2021,8,1543104,2021,167,10
CAJAMARCA,03/01/2021,9,1543104,2021,165,10
CAJAMARCA,03/08/2021,10,1543104,2021,177,11
CAJAMARCA,03/15/2021,11,1543104,2021,195,12
CAJAMARCA,03/22/2021,12,1543104,2021,217,14
CAJAMARCA,03/29/2021,13,1543104,2021,243,15
CAJAMARCA,04/05/2021,14,1543104,2021,265,17
CAJAMARCA,04/12/2021,15,1543104,2021,266,17
CAJAMARCA,04/19/2021,16,1543104,2021,301,19
CAJAMARCA,04/26/2021,17,1543104,2021,277,17
CAJAMARCA,05/03/2021,18,1543104,2021,250,16
CAJAMARCA,05/10/2021,19,1543104,2021,235,15
CAJAMARCA,05/17/2021,20,1543104,2021,214,13
CAJAMARCA,05/24/2021,21,1543104,2021,175,11
CAJAMARCA,05/31/2021,22,1543104,2021,170,11
CAJAMARCA,06/07/2021,23,1543104,2021,128,8
CAJAMARCA,06/14/2021,24,1543104,2021,121,7
CAJAMARCA,06/21/2021,25,1543104,2021,119,7
CAJAMARCA,06/28/2021,26,1543104,2021,113,7
CAJAMARCA,07/05/2021,27,1543104,2021,124,8
CAJAMARCA,07/12/2021,28,1543104,2021,108,6
CAJAMARCA,07/19/2021,29,1543104,2021,99,6
CAJAMARCA,07/26/2021,30,1543104,2021,102,6
CAJAMARCA,08/02/2021,31,1543104,2021,112,7
CAJAMARCA,08/09/2021,32,1543104,2021,117,7
CAJAMARCA,08/16/2021,33,1543104,2021,104,6
CAJAMARCA,08/23/2021,34,1543104,2021,115,7
CAJAMARCA,08/30/2021,35,1543104,2021,84,5
CAJAMARCA,09/06/2021,36,1543104,2021,105,6
CAJAMARCA,09/13/2021,37,1543104,2021,92,5
CAJAMARCA,09/20/2021,38,1543104,2021,95,6
CAJAMARCA,09/27/2021,39,1543104,2021,84,5
CAJAMARCA,10/04/2021,40,1543104,2021,107,6
CAJAMARCA,10/11/2021,41,1543104,2021,95,6
CAJAMARCA,10/18/2021,42,1543104,2021,85,5
CAJAMARCA,10/25/2021,43,1543104,2021,81,5
CAJAMARCA,11/01/2021,44,1543104,2021,92,5
CAJAMARCA,11/08/2021,45,1543104,2021,115,7
CAJAMARCA,11/15/2021,46,1543104,2021,28,1
CALLAO,01/04/2021,1,1067815,2021,149,13
CALLAO,01/11/2021,2,1067815,2021,180,16
CALLAO,01/18/2021,3,1067815,2021,251,23
CALLAO,01/25/2021,4,1067815,2021,270,25
CALLAO,02/01/2021,5,1067815,2021,332,31
CALLAO,02/08/2021,6,1067815,2021,383,35
CALLAO,02/15/2021,7,1067815,2021,396,37
CALLAO,02/22/2021,8,1067815,2021,318,29
CALLAO,03/01/2021,9,1067815,2021,332,31
CALLAO,03/08/2021,10,1067815,2021,352,32
CALLAO,03/15/2021,11,1067815,2021,354,33
CALLAO,03/22/2021,12,1067815,2021,324,30
CALLAO,03/29/2021,13,1067815,2021,345,32
CALLAO,04/05/2021,14,1067815,2021,383,35
CALLAO,04/12/2021,15,1067815,2021,325,30
CALLAO,04/19/2021,16,1067815,2021,325,30
CALLAO,04/26/2021,17,1067815,2021,287,26
CALLAO,05/03/2021,18,1067815,2021,240,22
CALLAO,05/10/2021,19,1067815,2021,225,21
CALLAO,05/17/2021,20,1067815,2021,206,19
CALLAO,05/24/2021,21,1067815,2021,189,17
CALLAO,05/31/2021,22,1067815,2021,171,16
CALLAO,06/07/2021,23,1067815,2021,145,13
CALLAO,06/14/2021,24,1067815,2021,130,12
CALLAO,06/21/2021,25,1067815,2021,138,12
CALLAO,06/28/2021,26,1067815,2021,123,11
CALLAO,07/05/2021,27,1067815,2021,130,12
CALLAO,07/12/2021,28,1067815,2021,105,9
CALLAO,07/19/2021,29,1067815,2021,96,8
CALLAO,07/26/2021,30,1067815,2021,103,9
CALLAO,08/02/2021,31,1067815,2021,112,10
CALLAO,08/09/2021,32,1067815,2021,122,11
CALLAO,08/16/2021,33,1067815,2021,115,10
CALLAO,08/23/2021,34,1067815,2021,117,10
CALLAO,08/30/2021,35,1067815,2021,111,10
CALLAO,09/06/2021,36,1067815,2021,118,11
CALLAO,09/13/2021,37,1067815,2021,108,10
CALLAO,09/20/2021,38,1067815,2021,121,11
CALLAO,09/27/2021,39,1067815,2021,123,11
CALLAO,10/04/2021,40,1067815,2021,111,10
CALLAO,10/11/2021,41,1067815,2021,100,9
CALLAO,10/18/2021,42,1067815,2021,98,9
CALLAO,10/25/2021,43,1067815,2021,116,10
CALLAO,11/01/2021,44,1067815,2021,113,10
CALLAO,11/08/2021,45,1067815,2021,84,7
CALLAO,11/15/2021,46,1067815,2021,37,3
CUSCO,01/04/2021,1,1346373,2021,169,12
CUSCO,01/11/2021,2,1346373,2021,178,13
CUSCO,01/18/2021,3,1346373,2021,201,14
CUSCO,01/25/2021,4,1346373,2021,214,15
CUSCO,02/01/2021,5,1346373,2021,243,18
CUSCO,02/08/2021,6,1346373,2021,238,17
CUSCO,02/15/2021,7,1346373,2021,263,19
CUSCO,02/22/2021,8,1346373,2021,266,19
CUSCO,03/01/2021,9,1346373,2021,293,21
CUSCO,03/08/2021,10,1346373,2021,261,19
CUSCO,03/15/2021,11,1346373,2021,239,17
CUSCO,03/22/2021,12,1346373,2021,235,17
CUSCO,03/29/2021,13,1346373,2021,272,20
CUSCO,04/05/2021,14,1346373,2021,319,23
CUSCO,04/12/2021,15,1346373,2021,290,21
CUSCO,04/19/2021,16,1346373,2021,294,21
CUSCO,04/26/2021,17,1346373,2021,291,21
CUSCO,05/03/2021,18,1346373,2021,299,22
CUSCO,05/10/2021,19,1346373,2021,261,19
CUSCO,05/17/2021,20,1346373,2021,271,20
CUSCO,05/24/2021,21,1346373,2021,272,20
CUSCO,05/31/2021,22,1346373,2021,239,17
CUSCO,06/07/2021,23,1346373,2021,220,16
CUSCO,06/14/2021,24,1346373,2021,190,14
CUSCO,06/21/2021,25,1346373,2021,180,13
CUSCO,06/28/2021,26,1346373,2021,166,12
CUSCO,07/05/2021,27,1346373,2021,156,11
CUSCO,07/12/2021,28,1346373,2021,165,12
CUSCO,07/19/2021,29,1346373,2021,144,10
CUSCO,07/26/2021,30,1346373,2021,158,11
CUSCO,08/02/2021,31,1346373,2021,149,11
CUSCO,08/09/2021,32,1346373,2021,133,9
CUSCO,08/16/2021,33,1346373,2021,144,10
CUSCO,08/23/2021,34,1346373,2021,150,11
CUSCO,08/30/2021,35,1346373,2021,132,9
CUSCO,09/06/2021,36,1346373,2021,127,9
CUSCO,09/13/2021,37,1346373,2021,144,10
CUSCO,09/20/2021,38,1346373,2021,121,8
CUSCO,09/27/2021,39,1346373,2021,138,10
CUSCO,10/04/2021,40,1346373,2021,134,9
CUSCO,10/11/2021,41,1346373,2021,131,9
CUSCO,10/18/2021,42,1346373,2021,130,9
CUSCO,10/25/2021,43,1346373,2021,123,9
CUSCO,11/01/2021,44,1346373,2021,123,9
CUSCO,11/08/2021,45,1346373,2021,114,8
CUSCO,11/15/2021,46,1346373,2021,36,2
HUANCAVELICA,01/04/2021,1,509117,2021,44,8
HUANCAVELICA,01/11/2021,2,509117,2021,51,10
HUANCAVELICA,01/18/2021,3,509117,2021,57,11
HUANCAVELICA,01/25/2021,4,509117,2021,78,15
HUANCAVELICA,02/01/2021,5,509117,2021,99,19
HUANCAVELICA,02/08/2021,6,509117,2021,85,16
HUANCAVELICA,02/15/2021,7,509117,2021,97,19
HUANCAVELICA,02/22/2021,8,509117,2021,92,18
HUANCAVELICA,03/01/2021,9,509117,2021,78,15
HUANCAVELICA,03/08/2021,10,509117,2021,80,15
HUANCAVELICA,03/15/2021,11,509117,2021,86,16
HUANCAVELICA,03/22/2021,12,509117,2021,82,16
HUANCAVELICA,03/29/2021,13,509117,2021,94,18
HUANCAVELICA,04/05/2021,14,509117,2021,83,16
HUANCAVELICA,04/12/2021,15,509117,2021,119,23
HUANCAVELICA,04/19/2021,16,509117,2021,97,19
HUANCAVELICA,04/26/2021,17,509117,2021,90,17
HUANCAVELICA,05/03/2021,18,509117,2021,98,19
HUANCAVELICA,05/10/2021,19,509117,2021,87,17
HUANCAVELICA,05/17/2021,20,509117,2021,76,14
HUANCAVELICA,05/24/2021,21,509117,2021,77,15
HUANCAVELICA,05/31/2021,22,509117,2021,60,11
HUANCAVELICA,06/07/2021,23,509117,2021,47,9
HUANCAVELICA,06/14/2021,24,509117,2021,53,10
HUANCAVELICA,06/21/2021,25,509117,2021,50,9
HUANCAVELICA,06/28/2021,26,509117,2021,48,9
HUANCAVELICA,07/05/2021,27,509117,2021,59,11
HUANCAVELICA,07/12/2021,28,509117,2021,59,11
HUANCAVELICA,07/19/2021,29,509117,2021,36,7
HUANCAVELICA,07/26/2021,30,509117,2021,55,10
HUANCAVELICA,08/02/2021,31,509117,2021,44,8
HUANCAVELICA,08/09/2021,32,509117,2021,45,8
HUANCAVELICA,08/16/2021,33,509117,2021,43,8
HUANCAVELICA,08/23/2021,34,509117,2021,38,7
HUANCAVELICA,08/30/2021,35,509117,2021,42,8
HUANCAVELICA,09/06/2021,36,509117,2021,49,9
HUANCAVELICA,09/13/2021,37,509117,2021,48,9
HUANCAVELICA,09/20/2021,38,509117,2021,40,7
HUANCAVELICA,09/27/2021,39,509117,2021,43,8
HUANCAVELICA,10/04/2021,40,509117,2021,38,7
HUANCAVELICA,10/11/2021,41,509117,2021,57,11
HUANCAVELICA,10/18/2021,42,509117,2021,40,7
HUANCAVELICA,10/25/2021,43,509117,2021,34,6
HUANCAVELICA,11/01/2021,44,509117,2021,55,10
HUANCAVELICA,11/08/2021,45,509117,2021,31,6
HUANCAVELICA,11/15/2021,46,509117,2021,8,1
HUANUCO,01/04/2021,1,889134,2021,126,14
HUANUCO,01/11/2021,2,889134,2021,160,17
HUANUCO,01/18/2021,3,889134,2021,183,20
HUANUCO,01/25/2021,4,889134,2021,198,22
HUANUCO,02/01/2021,5,889134,2021,181,20
HUANUCO,02/08/2021,6,889134,2021,196,22
HUANUCO,02/15/2021,7,889134,2021,145,16
HUANUCO,02/22/2021,8,889134,2021,100,11
HUANUCO,03/01/2021,9,889134,2021,114,12
HUANUCO,03/08/2021,10,889134,2021,97,10
HUANUCO,03/15/2021,11,889134,2021,101,11
HUANUCO,03/22/2021,12,889134,2021,79,8
HUANUCO,03/29/2021,13,889134,2021,90,10
HUANUCO,04/05/2021,14,889134,2021,108,12
HUANUCO,04/12/2021,15,889134,2021,121,13
HUANUCO,04/19/2021,16,889134,2021,145,16
HUANUCO,04/26/2021,17,889134,2021,121,13
HUANUCO,05/03/2021,18,889134,2021,139,15
HUANUCO,05/10/2021,19,889134,2021,129,14
HUANUCO,05/17/2021,20,889134,2021,116,13
HUANUCO,05/24/2021,21,889134,2021,117,13
HUANUCO,05/31/2021,22,889134,2021,125,14
HUANUCO,06/07/2021,23,889134,2021,111,12
HUANUCO,06/14/2021,24,889134,2021,91,10
HUANUCO,06/21/2021,25,889134,2021,105,11
HUANUCO,06/28/2021,26,889134,2021,87,9
HUANUCO,07/05/2021,27,889134,2021,83,9
HUANUCO,07/12/2021,28,889134,2021,87,9
HUANUCO,07/19/2021,29,889134,2021,92,10
HUANUCO,07/26/2021,30,889134,2021,79,8
HUANUCO,08/02/2021,31,889134,2021,74,8
HUANUCO,08/09/2021,32,889134,2021,76,8
HUANUCO,08/16/2021,33,889134,2021,75,8
HUANUCO,08/23/2021,34,889134,2021,68,7
HUANUCO,08/30/2021,35,889134,2021,82,9
HUANUCO,09/06/2021,36,889134,2021,62,6
HUANUCO,09/13/2021,37,889134,2021,66,7
HUANUCO,09/20/2021,38,889134,2021,74,8
HUANUCO,09/27/2021,39,889134,2021,60,6
HUANUCO,10/04/2021,40,889134,2021,66,7
HUANUCO,10/11/2021,41,889134,2021,79,8
HUANUCO,10/18/2021,42,889134,2021,56,6
HUANUCO,10/25/2021,43,889134,2021,68,7
HUANUCO,11/01/2021,44,889134,2021,85,9
HUANUCO,11/08/2021,45,889134,2021,58,6
HUANUCO,11/15/2021,46,889134,2021,24,2
ICA,01/04/2021,1,817965,2021,135,16
ICA,01/11/2021,2,817965,2021,150,18
ICA,01/18/2021,3,817965,2021,209,25
ICA,01/25/2021,4,817965,2021,308,37
ICA,02/01/2021,5,817965,2021,319,38
ICA,02/08/2021,6,817965,2021,333,40
ICA,02/15/2021,7,817965,2021,317,38
ICA,02/22/2021,8,817965,2021,287,35
ICA,03/01/2021,9,817965,2021,275,33
ICA,03/08/2021,10,817965,2021,245,29
ICA,03/15/2021,11,817965,2021,235,28
ICA,03/22/2021,12,817965,2021,212,25
ICA,03/29/2021,13,817965,2021,225,27
ICA,04/05/2021,14,817965,2021,274,33
ICA,04/12/2021,15,817965,2021,237,28
ICA,04/19/2021,16,817965,2021,304,37
ICA,04/26/2021,17,817965,2021,278,33
ICA,05/03/2021,18,817965,2021,288,35
ICA,05/10/2021,19,817965,2021,265,32
ICA,05/17/2021,20,817965,2021,214,26
ICA,05/24/2021,21,817965,2021,208,25
ICA,05/31/2021,22,817965,2021,210,25
ICA,06/07/2021,23,817965,2021,169,20
ICA,06/14/2021,24,817965,2021,173,21
ICA,06/21/2021,25,817965,2021,149,18
ICA,06/28/2021,26,817965,2021,103,12
ICA,07/05/2021,27,817965,2021,124,15
ICA,07/12/2021,28,817965,2021,144,17
ICA,07/19/2021,29,817965,2021,112,13
ICA,07/26/2021,30,817965,2021,95,11
ICA,08/02/2021,31,817965,2021,88,10
ICA,08/09/2021,32,817965,2021,92,11
ICA,08/16/2021,33,817965,2021,82,10
ICA,08/23/2021,34,817965,2021,102,12
ICA,08/30/2021,35,817965,2021,101,12
ICA,09/06/2021,36,817965,2021,93,11
ICA,09/13/2021,37,817965,2021,90,11
ICA,09/20/2021,38,817965,2021,91,11
ICA,09/27/2021,39,817965,2021,102,12
ICA,10/04/2021,40,817965,2021,102,12
ICA,10/11/2021,41,817965,2021,90,11
ICA,10/18/2021,42,817965,2021,97,11
ICA,10/25/2021,43,817965,2021,85,10
ICA,11/01/2021,44,817965,2021,74,9
ICA,11/08/2021,45,817965,2021,84,10
ICA,11/15/2021,46,817965,2021,35,4
JUNIN,01/04/2021,1,1389850,2021,173,12
JUNIN,01/11/2021,2,1389850,2021,244,17
JUNIN,01/18/2021,3,1389850,2021,304,21
JUNIN,01/25/2021,4,1389850,2021,339,24
JUNIN,02/01/2021,5,1389850,2021,376,27
JUNIN,02/08/2021,6,1389850,2021,370,26
JUNIN,02/15/2021,7,1389850,2021,385,27
JUNIN,02/22/2021,8,1389850,2021,318,22
JUNIN,03/01/2021,9,1389850,2021,292,21
JUNIN,03/08/2021,10,1389850,2021,279,20
JUNIN,03/15/2021,11,1389850,2021,243,17
JUNIN,03/22/2021,12,1389850,2021,248,17
JUNIN,03/29/2021,13,1389850,2021,269,19
JUNIN,04/05/2021,14,1389850,2021,292,21
JUNIN,04/12/2021,15,1389850,2021,299,21
JUNIN,04/19/2021,16,1389850,2021,356,25
JUNIN,04/26/2021,17,1389850,2021,327,23
JUNIN,05/03/2021,18,1389850,2021,361,25
JUNIN,05/10/2021,19,1389850,2021,353,25
JUNIN,05/17/2021,20,1389850,2021,352,25
JUNIN,05/24/2021,21,1389850,2021,328,23
JUNIN,05/31/2021,22,1389850,2021,326,23
JUNIN,06/07/2021,23,1389850,2021,263,18
JUNIN,06/14/2021,24,1389850,2021,234,16
JUNIN,06/21/2021,25,1389850,2021,198,14
JUNIN,06/28/2021,26,1389850,2021,205,14
JUNIN,07/05/2021,27,1389850,2021,169,12
JUNIN,07/12/2021,28,1389850,2021,171,12
JUNIN,07/19/2021,29,1389850,2021,151,10
JUNIN,07/26/2021,30,1389850,2021,150,10
JUNIN,08/02/2021,31,1389850,2021,127,9
JUNIN,08/09/2021,32,1389850,2021,150,10
JUNIN,08/16/2021,33,1389850,2021,132,9
JUNIN,08/23/2021,34,1389850,2021,133,9
JUNIN,08/30/2021,35,1389850,2021,132,9
JUNIN,09/06/2021,36,1389850,2021,126,9
JUNIN,09/13/2021,37,1389850,2021,130,9
JUNIN,09/20/2021,38,1389850,2021,132,9
JUNIN,09/27/2021,39,1389850,2021,134,9
JUNIN,10/04/2021,40,1389850,2021,115,8
JUNIN,10/11/2021,41,1389850,2021,135,9
JUNIN,10/18/2021,42,1389850,2021,125,8
JUNIN,10/25/2021,43,1389850,2021,135,9
JUNIN,11/01/2021,44,1389850,2021,132,9
JUNIN,11/08/2021,45,1389850,2021,111,7
JUNIN,11/15/2021,46,1389850,2021,49,3
LA LIBERTAD,01/04/2021,1,1956389,2021,219,11
LA LIBERTAD,01/11/2021,2,1956389,2021,238,12
LA LIBERTAD,01/18/2021,3,1956389,2021,309,15
LA LIBERTAD,01/25/2021,4,1956389,2021,308,15
LA LIBERTAD,02/01/2021,5,1956389,2021,313,15
LA LIBERTAD,02/08/2021,6,1956389,2021,354,18
LA LIBERTAD,02/15/2021,7,1956389,2021,360,18
LA LIBERTAD,02/22/2021,8,1956389,2021,330,16
LA LIBERTAD,03/01/2021,9,1956389,2021,345,17
LA LIBERTAD,03/08/2021,10,1956389,2021,402,20
LA LIBERTAD,03/15/2021,11,1956389,2021,413,21
LA LIBERTAD,03/22/2021,12,1956389,2021,469,23
LA LIBERTAD,03/29/2021,13,1956389,2021,481,24
LA LIBERTAD,04/05/2021,14,1956389,2021,553,28
LA LIBERTAD,04/12/2021,15,1956389,2021,619,31
LA LIBERTAD,04/19/2021,16,1956389,2021,581,29
LA LIBERTAD,04/26/2021,17,1956389,2021,507,25
LA LIBERTAD,05/03/2021,18,1956389,2021,512,26
LA LIBERTAD,05/10/2021,19,1956389,2021,443,22
LA LIBERTAD,05/17/2021,20,1956389,2021,450,23
LA LIBERTAD,05/24/2021,21,1956389,2021,418,21
LA LIBERTAD,05/31/2021,22,1956389,2021,351,17
LA LIBERTAD,06/07/2021,23,1956389,2021,284,14
LA LIBERTAD,06/14/2021,24,1956389,2021,245,12
LA LIBERTAD,06/21/2021,25,1956389,2021,225,11
LA LIBERTAD,06/28/2021,26,1956389,2021,200,10
LA LIBERTAD,07/05/2021,27,1956389,2021,188,9
LA LIBERTAD,07/12/2021,28,1956389,2021,167,8
LA LIBERTAD,07/19/2021,29,1956389,2021,176,8
LA LIBERTAD,07/26/2021,30,1956389,2021,181,9
LA LIBERTAD,08/02/2021,31,1956389,2021,186,9
LA LIBERTAD,08/09/2021,32,1956389,2021,193,9
LA LIBERTAD,08/16/2021,33,1956389,2021,160,8
LA LIBERTAD,08/23/2021,34,1956389,2021,185,9
LA LIBERTAD,08/30/2021,35,1956389,2021,192,9
LA LIBERTAD,09/06/2021,36,1956389,2021,172,8
LA LIBERTAD,09/13/2021,37,1956389,2021,175,8
LA LIBERTAD,09/20/2021,38,1956389,2021,206,10
LA LIBERTAD,09/27/2021,39,1956389,2021,191,9
LA LIBERTAD,10/04/2021,40,1956389,2021,165,8
LA LIBERTAD,10/11/2021,41,1956389,2021,167,8
LA LIBERTAD,10/18/2021,42,1956389,2021,186,9
LA LIBERTAD,10/25/2021,43,1956389,2021,182,9
LA LIBERTAD,11/01/2021,44,1956389,2021,160,8
LA LIBERTAD,11/08/2021,45,1956389,2021,194,9
LA LIBERTAD,11/15/2021,46,1956389,2021,56,2
LAMBAYEQUE,01/04/2021,1,1300720,2021,81,6
LAMBAYEQUE,01/11/2021,2,1300720,2021,96,7
LAMBAYEQUE,01/18/2021,3,1300720,2021,86,6
LAMBAYEQUE,01/25/2021,4,1300720,2021,113,8
LAMBAYEQUE,02/01/2021,5,1300720,2021,102,7
LAMBAYEQUE,02/08/2021,6,1300720,2021,103,7
LAMBAYEQUE,02/15/2021,7,1300720,2021,86,6
LAMBAYEQUE,02/22/2021,8,1300720,2021,84,6
LAMBAYEQUE,03/01/2021,9,1300720,2021,122,9
LAMBAYEQUE,03/08/2021,10,1300720,2021,97,7
LAMBAYEQUE,03/15/2021,11,1300720,2021,120,9
LAMBAYEQUE,03/22/2021,12,1300720,2021,151,11
LAMBAYEQUE,03/29/2021,13,1300720,2021,194,14
LAMBAYEQUE,04/05/2021,14,1300720,2021,258,19
LAMBAYEQUE,04/12/2021,15,1300720,2021,306,23
LAMBAYEQUE,04/19/2021,16,1300720,2021,284,21
LAMBAYEQUE,04/26/2021,17,1300720,2021,303,23
LAMBAYEQUE,05/03/2021,18,1300720,2021,227,17
LAMBAYEQUE,05/10/2021,19,1300720,2021,236,18
LAMBAYEQUE,05/17/2021,20,1300720,2021,189,14
LAMBAYEQUE,05/24/2021,21,1300720,2021,156,11
LAMBAYEQUE,05/31/2021,22,1300720,2021,142,10
LAMBAYEQUE,06/07/2021,23,1300720,2021,124,9
LAMBAYEQUE,06/14/2021,24,1300720,2021,88,6
LAMBAYEQUE,06/21/2021,25,1300720,2021,88,6
LAMBAYEQUE,06/28/2021,26,1300720,2021,72,5
LAMBAYEQUE,07/05/2021,27,1300720,2021,65,4
LAMBAYEQUE,07/12/2021,28,1300720,2021,32,2
LAMBAYEQUE,07/19/2021,29,1300720,2021,54,4
LAMBAYEQUE,07/26/2021,30,1300720,2021,49,3
LAMBAYEQUE,08/02/2021,31,1300720,2021,40,3
LAMBAYEQUE,08/09/2021,32,1300720,2021,51,3
LAMBAYEQUE,08/16/2021,33,1300720,2021,51,3
LAMBAYEQUE,08/23/2021,34,1300720,2021,40,3
LAMBAYEQUE,08/30/2021,35,1300720,2021,63,4
LAMBAYEQUE,09/06/2021,36,1300720,2021,55,4
LAMBAYEQUE,09/13/2021,37,1300720,2021,45,3
LAMBAYEQUE,09/20/2021,38,1300720,2021,50,3
LAMBAYEQUE,09/27/2021,39,1300720,2021,35,2
LAMBAYEQUE,10/04/2021,40,1300720,2021,51,3
LAMBAYEQUE,10/11/2021,41,1300720,2021,55,4
LAMBAYEQUE,10/18/2021,42,1300720,2021,52,3
LAMBAYEQUE,10/25/2021,43,1300720,2021,49,3
LAMBAYEQUE,11/01/2021,44,1300720,2021,51,3
LAMBAYEQUE,11/08/2021,45,1300720,2021,45,3
LAMBAYEQUE,11/15/2021,46,1300720,2021,12,0
LIMA,01/04/2021,1,10458367,2021,1405,13
LIMA,01/11/2021,2,10458367,2021,1687,16
LIMA,01/18/2021,3,10458367,2021,2248,21
LIMA,01/25/2021,4,10458367,2021,2774,26
LIMA,02/01/2021,5,10458367,2021,2982,28
LIMA,02/08/2021,6,10458367,2021,3496,33
LIMA,02/15/2021,7,10458367,2021,3566,34
LIMA,02/22/2021,8,10458367,2021,3646,34
LIMA,03/01/2021,9,10458367,2021,3668,35
LIMA,03/08/2021,10,10458367,2021,3507,33
LIMA,03/15/2021,11,10458367,2021,3588,34
LIMA,03/22/2021,12,10458367,2021,3516,33
LIMA,03/29/2021,13,10458367,2021,3535,33
LIMA,04/05/2021,14,10458367,2021,3635,34
LIMA,04/12/2021,15,10458367,2021,3439,32
LIMA,04/19/2021,16,10458367,2021,3219,30
LIMA,04/26/2021,17,10458367,2021,2991,28
LIMA,05/03/2021,18,10458367,2021,2523,24
LIMA,05/10/2021,19,10458367,2021,2283,21
LIMA,05/17/2021,20,10458367,2021,1949,18
LIMA,05/24/2021,21,10458367,2021,1803,17
LIMA,05/31/2021,22,10458367,2021,1602,15
LIMA,06/07/2021,23,10458367,2021,1471,14
LIMA,06/14/2021,24,10458367,2021,1324,12
LIMA,06/21/2021,25,10458367,2021,1231,11
LIMA,06/28/2021,26,10458367,2021,1248,11
LIMA,07/05/2021,27,10458367,2021,1187,11
LIMA,07/12/2021,28,10458367,2021,1129,10
LIMA,07/19/2021,29,10458367,2021,1093,10
LIMA,07/26/2021,30,10458367,2021,1100,10
LIMA,08/02/2021,31,10458367,2021,1036,9
LIMA,08/09/2021,32,10458367,2021,1080,10
LIMA,08/16/2021,33,10458367,2021,1005,9
LIMA,08/23/2021,34,10458367,2021,1038,9
LIMA,08/30/2021,35,10458367,2021,1061,10
LIMA,09/06/2021,36,10458367,2021,1027,9
LIMA,09/13/2021,37,10458367,2021,1037,9
LIMA,09/20/2021,38,10458367,2021,1048,10
LIMA,09/27/2021,39,10458367,2021,1015,9
LIMA,10/04/2021,40,10458367,2021,1043,9
LIMA,10/11/2021,41,10458367,2021,1053,10
LIMA,10/18/2021,42,10458367,2021,1009,9
LIMA,10/25/2021,43,10458367,2021,1000,9
LIMA,11/01/2021,44,10458367,2021,1027,9
LIMA,11/08/2021,45,10458367,2021,973,9
LIMA,11/15/2021,46,10458367,2021,359,3
LORETO,01/04/2021,1,1077831,2021,66,6
LORETO,01/11/2021,2,1077831,2021,68,6
LORETO,01/18/2021,3,1077831,2021,68,6
LORETO,01/25/2021,4,1077831,2021,110,10
LORETO,02/01/2021,5,1077831,2021,123,11
LORETO,02/08/2021,6,1077831,2021,170,15
LORETO,02/15/2021,7,1077831,2021,214,19
LORETO,02/22/2021,8,1077831,2021,194,17
LORETO,03/01/2021,9,1077831,2021,170,15
LORETO,03/08/2021,10,1077831,2021,147,13
LORETO,03/15/2021,11,1077831,2021,126,11
LORETO,03/22/2021,12,1077831,2021,112,10
LORETO,03/29/2021,13,1077831,2021,110,10
LORETO,04/05/2021,14,1077831,2021,94,8
LORETO,04/12/2021,15,1077831,2021,87,8
LORETO,04/19/2021,16,1077831,2021,91,8
LORETO,04/26/2021,17,1077831,2021,75,6
LORETO,05/03/2021,18,1077831,2021,69,6
LORETO,05/10/2021,19,1077831,2021,86,7
LORETO,05/17/2021,20,1077831,2021,76,7
LORETO,05/24/2021,21,1077831,2021,81,7
LORETO,05/31/2021,22,1077831,2021,59,5
LORETO,06/07/2021,23,1077831,2021,72,6
LORETO,06/14/2021,24,1077831,2021,76,7
LORETO,06/21/2021,25,1077831,2021,67,6
LORETO,06/28/2021,26,1077831,2021,75,6
LORETO,07/05/2021,27,1077831,2021,72,6
LORETO,07/12/2021,28,1077831,2021,79,7
LORETO,07/19/2021,29,1077831,2021,98,9
LORETO,07/26/2021,30,1077831,2021,65,6
LORETO,08/02/2021,31,1077831,2021,73,6
LORETO,08/09/2021,32,1077831,2021,64,5
LORETO,08/16/2021,33,1077831,2021,62,5
LORETO,08/23/2021,34,1077831,2021,79,7
LORETO,08/30/2021,35,1077831,2021,89,8
LORETO,09/06/2021,36,1077831,2021,51,4
LORETO,09/13/2021,37,1077831,2021,52,4
LORETO,09/20/2021,38,1077831,2021,61,5
LORETO,09/27/2021,39,1077831,2021,64,5
LORETO,10/04/2021,40,1077831,2021,72,6
LORETO,10/11/2021,41,1077831,2021,58,5
LORETO,10/18/2021,42,1077831,2021,68,6
LORETO,10/25/2021,43,1077831,2021,63,5
LORETO,11/01/2021,44,1077831,2021,46,4
LORETO,11/08/2021,45,1077831,2021,56,5
LORETO,11/15/2021,46,1077831,2021,24,2
MADRE DE DIOS,01/04/2021,1,150181,2021,17,11
MADRE DE DIOS,01/11/2021,2,150181,2021,14,9
MADRE DE DIOS,01/18/2021,3,150181,2021,24,15
MADRE DE DIOS,01/25/2021,4,150181,2021,17,11
MADRE DE DIOS,02/01/2021,5,150181,2021,15,9
MADRE DE DIOS,02/08/2021,6,150181,2021,20,13
MADRE DE DIOS,02/15/2021,7,150181,2021,16,10
MADRE DE DIOS,02/22/2021,8,150181,2021,25,16
MADRE DE DIOS,03/01/2021,9,150181,2021,25,16
MADRE DE DIOS,03/08/2021,10,150181,2021,27,17
MADRE DE DIOS,03/15/2021,11,150181,2021,33,21
MADRE DE DIOS,03/22/2021,12,150181,2021,53,35
MADRE DE DIOS,03/29/2021,13,150181,2021,36,23
MADRE DE DIOS,04/05/2021,14,150181,2021,35,23
MADRE DE DIOS,04/12/2021,15,150181,2021,37,24
MADRE DE DIOS,04/19/2021,16,150181,2021,33,21
MADRE DE DIOS,04/26/2021,17,150181,2021,28,18
MADRE DE DIOS,05/03/2021,18,150181,2021,19,12
MADRE DE DIOS,05/10/2021,19,150181,2021,21,13
MADRE DE DIOS,05/17/2021,20,150181,2021,22,14
MADRE DE DIOS,05/24/2021,21,150181,2021,17,11
MADRE DE DIOS,05/31/2021,22,150181,2021,21,13
MADRE DE DIOS,06/07/2021,23,150181,2021,20,13
MADRE DE DIOS,06/14/2021,24,150181,2021,13,8
MADRE DE DIOS,06/21/2021,25,150181,2021,22,14
MADRE DE DIOS,06/28/2021,26,150181,2021,18,11
MADRE DE DIOS,07/05/2021,27,150181,2021,17,11
MADRE DE DIOS,07/12/2021,28,150181,2021,14,9
MADRE DE DIOS,07/19/2021,29,150181,2021,11,7
MADRE DE DIOS,07/26/2021,30,150181,2021,19,12
MADRE DE DIOS,08/02/2021,31,150181,2021,21,13
MADRE DE DIOS,08/09/2021,32,150181,2021,19,12
MADRE DE DIOS,08/16/2021,33,150181,2021,23,15
MADRE DE DIOS,08/23/2021,34,150181,2021,21,13
MADRE DE DIOS,08/30/2021,35,150181,2021,14,9
MADRE DE DIOS,09/06/2021,36,150181,2021,16,10
MADRE DE DIOS,09/13/2021,37,150181,2021,23,15
MADRE DE DIOS,09/20/2021,38,150181,2021,24,15
MADRE DE DIOS,09/27/2021,39,150181,2021,16,10
MADRE DE DIOS,10/04/2021,40,150181,2021,19,12
MADRE DE DIOS,10/11/2021,41,150181,2021,14,9
MADRE DE DIOS,10/18/2021,42,150181,2021,24,15
MADRE DE DIOS,10/25/2021,43,150181,2021,24,15
MADRE DE DIOS,11/01/2021,44,150181,2021,23,15
MADRE DE DIOS,11/08/2021,45,150181,2021,11,7
MADRE DE DIOS,11/15/2021,46,150181,2021,6,3
MOQUEGUA,01/04/2021,1,187941,2021,41,21
MOQUEGUA,01/11/2021,2,187941,2021,34,18
MOQUEGUA,01/18/2021,3,187941,2021,47,25
MOQUEGUA,01/25/2021,4,187941,2021,61,32
MOQUEGUA,02/01/2021,5,187941,2021,49,26
MOQUEGUA,02/08/2021,6,187941,2021,32,17
MOQUEGUA,02/15/2021,7,187941,2021,21,11
MOQUEGUA,02/22/2021,8,187941,2021,22,11
MOQUEGUA,03/01/2021,9,187941,2021,27,14
MOQUEGUA,03/08/2021,10,187941,2021,17,9
MOQUEGUA,03/15/2021,11,187941,2021,25,13
MOQUEGUA,03/22/2021,12,187941,2021,19,10
MOQUEGUA,03/29/2021,13,187941,2021,22,11
MOQUEGUA,04/05/2021,14,187941,2021,13,6
MOQUEGUA,04/12/2021,15,187941,2021,33,17
MOQUEGUA,04/19/2021,16,187941,2021,37,19
MOQUEGUA,04/26/2021,17,187941,2021,30,15
MOQUEGUA,05/03/2021,18,187941,2021,42,22
MOQUEGUA,05/10/2021,19,187941,2021,25,13
MOQUEGUA,05/17/2021,20,187941,2021,36,19
MOQUEGUA,05/24/2021,21,187941,2021,49,26
MOQUEGUA,05/31/2021,22,187941,2021,40,21
MOQUEGUA,06/07/2021,23,187941,2021,33,17
MOQUEGUA,06/14/2021,24,187941,2021,48,25
MOQUEGUA,06/21/2021,25,187941,2021,25,13
MOQUEGUA,06/28/2021,26,187941,2021,33,17
MOQUEGUA,07/05/2021,27,187941,2021,30,15
MOQUEGUA,07/12/2021,28,187941,2021,23,12
MOQUEGUA,07/19/2021,29,187941,2021,17,9
MOQUEGUA,07/26/2021,30,187941,2021,26,13
MOQUEGUA,08/02/2021,31,187941,2021,17,9
MOQUEGUA,08/09/2021,32,187941,2021,33,17
MOQUEGUA,08/16/2021,33,187941,2021,20,10
MOQUEGUA,08/23/2021,34,187941,2021,16,8
MOQUEGUA,08/30/2021,35,187941,2021,16,8
MOQUEGUA,09/06/2021,36,187941,2021,22,11
MOQUEGUA,09/13/2021,37,187941,2021,16,8
MOQUEGUA,09/20/2021,38,187941,2021,25,13
MOQUEGUA,09/27/2021,39,187941,2021,18,9
MOQUEGUA,10/04/2021,40,187941,2021,20,10
MOQUEGUA,10/11/2021,41,187941,2021,15,7
MOQUEGUA,10/18/2021,42,187941,2021,17,9
MOQUEGUA,10/25/2021,43,187941,2021,18,9
MOQUEGUA,11/01/2021,44,187941,2021,18,9
MOQUEGUA,11/08/2021,45,187941,2021,16,8
MOQUEGUA,11/15/2021,46,187941,2021,10,5
PASCO,01/04/2021,1,312777,2021,40,12
PASCO,01/11/2021,2,312777,2021,49,15
PASCO,01/18/2021,3,312777,2021,60,19
PASCO,01/25/2021,4,312777,2021,47,15
PASCO,02/01/2021,5,312777,2021,50,15
PASCO,02/08/2021,6,312777,2021,52,16
PASCO,02/15/2021,7,312777,2021,49,15
PASCO,02/22/2021,8,312777,2021,50,15
PASCO,03/01/2021,9,312777,2021,36,11
PASCO,03/08/2021,10,312777,2021,37,11
PASCO,03/15/2021,11,312777,2021,41,13
PASCO,03/22/2021,12,312777,2021,46,14
PASCO,03/29/2021,13,312777,2021,48,15
PASCO,04/05/2021,14,312777,2021,36,11
PASCO,04/12/2021,15,312777,2021,39,12
PASCO,04/19/2021,16,312777,2021,39,12
PASCO,04/26/2021,17,312777,2021,50,15
PASCO,05/03/2021,18,312777,2021,52,16
PASCO,05/10/2021,19,312777,2021,51,16
PASCO,05/17/2021,20,312777,2021,43,13
PASCO,05/24/2021,21,312777,2021,52,16
PASCO,05/31/2021,22,312777,2021,42,13
PASCO,06/07/2021,23,312777,2021,33,10
PASCO,06/14/2021,24,312777,2021,24,7
PASCO,06/21/2021,25,312777,2021,23,7
PASCO,06/28/2021,26,312777,2021,24,7
PASCO,07/05/2021,27,312777,2021,19,6
PASCO,07/12/2021,28,312777,2021,23,7
PASCO,07/19/2021,29,312777,2021,25,7
PASCO,07/26/2021,30,312777,2021,20,6
PASCO,08/02/2021,31,312777,2021,20,6
PASCO,08/09/2021,32,312777,2021,17,5
PASCO,08/16/2021,33,312777,2021,19,6
PASCO,08/23/2021,34,312777,2021,22,7
PASCO,08/30/2021,35,312777,2021,18,5
PASCO,09/06/2021,36,312777,2021,25,7
PASCO,09/13/2021,37,312777,2021,20,6
PASCO,09/20/2021,38,312777,2021,22,7
PASCO,09/27/2021,39,312777,2021,26,8
PASCO,10/04/2021,40,312777,2021,26,8
PASCO,10/11/2021,41,312777,2021,18,5
PASCO,10/18/2021,42,312777,2021,20,6
PASCO,10/25/2021,43,312777,2021,15,4
PASCO,11/01/2021,44,312777,2021,23,7
PASCO,11/08/2021,45,312777,2021,23,7
PASCO,11/15/2021,46,312777,2021,8,2
PIURA,01/04/2021,1,1901896,2021,234,12
PIURA,01/11/2021,2,1901896,2021,260,13
PIURA,01/18/2021,3,1901896,2021,283,14
PIURA,01/25/2021,4,1901896,2021,293,15
PIURA,02/01/2021,5,1901896,2021,283,14
PIURA,02/08/2021,6,1901896,2021,272,14
PIURA,02/15/2021,7,1901896,2021,263,13
PIURA,02/22/2021,8,1901896,2021,259,13
PIURA,03/01/2021,9,1901896,2021,278,14
PIURA,03/08/2021,10,1901896,2021,307,16
PIURA,03/15/2021,11,1901896,2021,333,17
PIURA,03/22/2021,12,1901896,2021,367,19
PIURA,03/29/2021,13,1901896,2021,450,23
PIURA,04/05/2021,14,1901896,2021,546,28
PIURA,04/12/2021,15,1901896,2021,597,31
PIURA,04/19/2021,16,1901896,2021,578,30
PIURA,04/26/2021,17,1901896,2021,472,24
PIURA,05/03/2021,18,1901896,2021,474,24
PIURA,05/10/2021,19,1901896,2021,400,21
PIURA,05/17/2021,20,1901896,2021,376,19
PIURA,05/24/2021,21,1901896,2021,320,16
PIURA,05/31/2021,22,1901896,2021,293,15
PIURA,06/07/2021,23,1901896,2021,257,13
PIURA,06/14/2021,24,1901896,2021,237,12
PIURA,06/21/2021,25,1901896,2021,198,10
PIURA,06/28/2021,26,1901896,2021,166,8
PIURA,07/05/2021,27,1901896,2021,191,10
PIURA,07/12/2021,28,1901896,2021,149,7
PIURA,07/19/2021,29,1901896,2021,165,8
PIURA,07/26/2021,30,1901896,2021,177,9
PIURA,08/02/2021,31,1901896,2021,174,9
PIURA,08/09/2021,32,1901896,2021,159,8
PIURA,08/16/2021,33,1901896,2021,155,8
PIURA,08/23/2021,34,1901896,2021,173,9
PIURA,08/30/2021,35,1901896,2021,162,8
PIURA,09/06/2021,36,1901896,2021,146,7
PIURA,09/13/2021,37,1901896,2021,168,8
PIURA,09/20/2021,38,1901896,2021,150,7
PIURA,09/27/2021,39,1901896,2021,159,8
PIURA,10/04/2021,40,1901896,2021,145,7
PIURA,10/11/2021,41,1901896,2021,140,7
PIURA,10/18/2021,42,1901896,2021,156,8
PIURA,10/25/2021,43,1901896,2021,151,7
PIURA,11/01/2021,44,1901896,2021,142,7
PIURA,11/08/2021,45,1901896,2021,151,7
PIURA,11/15/2021,46,1901896,2021,49,2
PUNO,01/04/2021,1,1471405,2021,180,12
PUNO,01/11/2021,2,1471405,2021,169,11
PUNO,01/18/2021,3,1471405,2021,222,15
PUNO,01/25/2021,4,1471405,2021,289,19
PUNO,02/01/2021,5,1471405,2021,262,17
PUNO,02/08/2021,6,1471405,2021,320,21
PUNO,02/15/2021,7,1471405,2021,314,21
PUNO,02/22/2021,8,1471405,2021,271,18
PUNO,03/01/2021,9,1471405,2021,249,16
PUNO,03/08/2021,10,1471405,2021,218,14
PUNO,03/15/2021,11,1471405,2021,225,15
PUNO,03/22/2021,12,1471405,2021,201,13
PUNO,03/29/2021,13,1471405,2021,224,15
PUNO,04/05/2021,14,1471405,2021,246,16
PUNO,04/12/2021,15,1471405,2021,193,13
PUNO,04/19/2021,16,1471405,2021,237,16
PUNO,04/26/2021,17,1471405,2021,277,18
PUNO,05/03/2021,18,1471405,2021,281,19
PUNO,05/10/2021,19,1471405,2021,289,19
PUNO,05/17/2021,20,1471405,2021,253,17
PUNO,05/24/2021,21,1471405,2021,266,18
PUNO,05/31/2021,22,1471405,2021,275,18
PUNO,06/07/2021,23,1471405,2021,258,17
PUNO,06/14/2021,24,1471405,2021,234,15
PUNO,06/21/2021,25,1471405,2021,237,16
PUNO,06/28/2021,26,1471405,2021,199,13
PUNO,07/05/2021,27,1471405,2021,191,12
PUNO,07/12/2021,28,1471405,2021,175,11
PUNO,07/19/2021,29,1471405,2021,178,12
PUNO,07/26/2021,30,1471405,2021,177,12
PUNO,08/02/2021,31,1471405,2021,168,11
PUNO,08/09/2021,32,1471405,2021,152,10
PUNO,08/16/2021,33,1471405,2021,160,10
PUNO,08/23/2021,34,1471405,2021,143,9
PUNO,08/30/2021,35,1471405,2021,146,9
PUNO,09/06/2021,36,1471405,2021,135,9
PUNO,09/13/2021,37,1471405,2021,135,9
PUNO,09/20/2021,38,1471405,2021,146,9
PUNO,09/27/2021,39,1471405,2021,122,8
PUNO,10/04/2021,40,1471405,2021,136,9
PUNO,10/11/2021,41,1471405,2021,130,8
PUNO,10/18/2021,42,1471405,2021,121,8
PUNO,10/25/2021,43,1471405,2021,115,7
PUNO,11/01/2021,44,1471405,2021,115,7
PUNO,11/08/2021,45,1471405,2021,125,8
PUNO,11/15/2021,46,1471405,2021,36,2
SAN MARTIN,01/04/2021,1,884795,2021,61,6
SAN MARTIN,01/11/2021,2,884795,2021,73,8
SAN MARTIN,01/18/2021,3,884795,2021,79,8
SAN MARTIN,01/25/2021,4,884795,2021,80,9
SAN MARTIN,02/01/2021,5,884795,2021,78,8
SAN MARTIN,02/08/2021,6,884795,2021,91,10
SAN MARTIN,02/15/2021,7,884795,2021,86,9
SAN MARTIN,02/22/2021,8,884795,2021,78,8
SAN MARTIN,03/01/2021,9,884795,2021,117,13
SAN MARTIN,03/08/2021,10,884795,2021,104,11
SAN MARTIN,03/15/2021,11,884795,2021,98,11
SAN MARTIN,03/22/2021,12,884795,2021,141,15
SAN MARTIN,03/29/2021,13,884795,2021,159,17
SAN MARTIN,04/05/2021,14,884795,2021,154,17
SAN MARTIN,04/12/2021,15,884795,2021,170,19
SAN MARTIN,04/19/2021,16,884795,2021,186,21
SAN MARTIN,04/26/2021,17,884795,2021,175,19
SAN MARTIN,05/03/2021,18,884795,2021,176,19
SAN MARTIN,05/10/2021,19,884795,2021,137,15
SAN MARTIN,05/17/2021,20,884795,2021,151,17
SAN MARTIN,05/24/2021,21,884795,2021,128,14
SAN MARTIN,05/31/2021,22,884795,2021,114,12
SAN MARTIN,06/07/2021,23,884795,2021,99,11
SAN MARTIN,06/14/2021,24,884795,2021,104,11
SAN MARTIN,06/21/2021,25,884795,2021,83,9
SAN MARTIN,06/28/2021,26,884795,2021,91,10
SAN MARTIN,07/05/2021,27,884795,2021,77,8
SAN MARTIN,07/12/2021,28,884795,2021,87,9
SAN MARTIN,07/19/2021,29,884795,2021,96,10
SAN MARTIN,07/26/2021,30,884795,2021,84,9
SAN MARTIN,08/02/2021,31,884795,2021,86,9
SAN MARTIN,08/09/2021,32,884795,2021,89,10
SAN MARTIN,08/16/2021,33,884795,2021,77,8
SAN MARTIN,08/23/2021,34,884795,2021,91,10
SAN MARTIN,08/30/2021,35,884795,2021,61,6
SAN MARTIN,09/06/2021,36,884795,2021,65,7
SAN MARTIN,09/13/2021,37,884795,2021,65,7
SAN MARTIN,09/20/2021,38,884795,2021,75,8
SAN MARTIN,09/27/2021,39,884795,2021,61,6
SAN MARTIN,10/04/2021,40,884795,2021,69,7
SAN MARTIN,10/11/2021,41,884795,2021,83,9
SAN MARTIN,10/18/2021,42,884795,2021,71,8
SAN MARTIN,10/25/2021,43,884795,2021,70,7
SAN MARTIN,11/01/2021,44,884795,2021,76,8
SAN MARTIN,11/08/2021,45,884795,2021,68,7
SAN MARTIN,11/15/2021,46,884795,2021,19,2
TACNA,01/04/2021,1,358314,2021,31,8
TACNA,01/11/2021,2,358314,2021,53,14
TACNA,01/18/2021,3,358314,2021,62,17
TACNA,01/25/2021,4,358314,2021,90,25
TACNA,02/01/2021,5,358314,2021,114,31
TACNA,02/08/2021,6,358314,2021,92,25
TACNA,02/15/2021,7,358314,2021,97,27
TACNA,02/22/2021,8,358314,2021,92,25
TACNA,03/01/2021,9,358314,2021,86,24
TACNA,03/08/2021,10,358314,2021,61,17
TACNA,03/15/2021,11,358314,2021,40,11
TACNA,03/22/2021,12,358314,2021,43,12
TACNA,03/29/2021,13,358314,2021,39,10
TACNA,04/05/2021,14,358314,2021,49,13
TACNA,04/12/2021,15,358314,2021,41,11
TACNA,04/19/2021,16,358314,2021,37,10
TACNA,04/26/2021,17,358314,2021,38,10
TACNA,05/03/2021,18,358314,2021,52,14
TACNA,05/10/2021,19,358314,2021,44,12
TACNA,05/17/2021,20,358314,2021,56,15
TACNA,05/24/2021,21,358314,2021,44,12
TACNA,05/31/2021,22,358314,2021,57,15
TACNA,06/07/2021,23,358314,2021,56,15
TACNA,06/14/2021,24,358314,2021,54,15
TACNA,06/21/2021,25,358314,2021,54,15
TACNA,06/28/2021,26,358314,2021,46,12
TACNA,07/05/2021,27,358314,2021,59,16
TACNA,07/12/2021,28,358314,2021,43,12
TACNA,07/19/2021,29,358314,2021,36,10
TACNA,07/26/2021,30,358314,2021,30,8
TACNA,08/02/2021,31,358314,2021,38,10
TACNA,08/09/2021,32,358314,2021,41,11
TACNA,08/16/2021,33,358314,2021,28,7
TACNA,08/23/2021,34,358314,2021,23,6
TACNA,08/30/2021,35,358314,2021,31,8
TACNA,09/06/2021,36,358314,2021,23,6
TACNA,09/13/2021,37,358314,2021,32,8
TACNA,09/20/2021,38,358314,2021,22,6
TACNA,09/27/2021,39,358314,2021,25,6
TACNA,10/04/2021,40,358314,2021,29,8
TACNA,10/11/2021,41,358314,2021,31,8
TACNA,10/18/2021,42,358314,2021,19,5
TACNA,10/25/2021,43,358314,2021,24,6
TACNA,11/01/2021,44,358314,2021,27,7
TACNA,11/08/2021,45,358314,2021,21,5
TACNA,11/15/2021,46,358314,2021,11,3
TUMBES,01/04/2021,1,248877,2021,24,9
TUMBES,01/11/2021,2,248877,2021,43,17
TUMBES,01/18/2021,3,248877,2021,30,12
TUMBES,01/25/2021,4,248877,2021,44,17
TUMBES,02/01/2021,5,248877,2021,43,17
TUMBES,02/08/2021,6,248877,2021,45,18
TUMBES,02/15/2021,7,248877,2021,50,20
TUMBES,02/22/2021,8,248877,2021,55,22
TUMBES,03/01/2021,9,248877,2021,51,20
TUMBES,03/08/2021,10,248877,2021,56,22
TUMBES,03/15/2021,11,248877,2021,69,27
TUMBES,03/22/2021,12,248877,2021,55,22
TUMBES,03/29/2021,13,248877,2021,83,33
TUMBES,04/05/2021,14,248877,2021,71,28
TUMBES,04/12/2021,15,248877,2021,64,25
TUMBES,04/19/2021,16,248877,2021,81,32
TUMBES,04/26/2021,17,248877,2021,70,28
TUMBES,05/03/2021,18,248877,2021,47,18
TUMBES,05/10/2021,19,248877,2021,52,20
TUMBES,05/17/2021,20,248877,2021,38,15
TUMBES,05/24/2021,21,248877,2021,48,19
TUMBES,05/31/2021,22,248877,2021,34,13
TUMBES,06/07/2021,23,248877,2021,24,9
TUMBES,06/14/2021,24,248877,2021,38,15
TUMBES,06/21/2021,25,248877,2021,22,8
TUMBES,06/28/2021,26,248877,2021,29,11
TUMBES,07/05/2021,27,248877,2021,25,10
TUMBES,07/12/2021,28,248877,2021,32,12
TUMBES,07/19/2021,29,248877,2021,13,5
TUMBES,07/26/2021,30,248877,2021,21,8
TUMBES,08/02/2021,31,248877,2021,26,10
TUMBES,08/09/2021,32,248877,2021,25,10
TUMBES,08/16/2021,33,248877,2021,23,9
TUMBES,08/23/2021,34,248877,2021,30,12
TUMBES,08/30/2021,35,248877,2021,34,13
TUMBES,09/06/2021,36,248877,2021,25,10
TUMBES,09/13/2021,37,248877,2021,19,7
TUMBES,09/20/2021,38,248877,2021,21,8
TUMBES,09/27/2021,39,248877,2021,22,8
TUMBES,10/04/2021,40,248877,2021,26,10
TUMBES,10/11/2021,41,248877,2021,25,10
TUMBES,10/18/2021,42,248877,2021,14,5
TUMBES,10/25/2021,43,248877,2021,15,6
TUMBES,11/01/2021,44,248877,2021,12,4
TUMBES,11/08/2021,45,248877,2021,20,8
TUMBES,11/15/2021,46,248877,2021,4,1
UCAYALI,01/04/2021,1,518190,2021,53,10
UCAYALI,01/11/2021,2,518190,2021,47,9
UCAYALI,01/18/2021,3,518190,2021,52,10
UCAYALI,01/25/2021,4,518190,2021,64,12
UCAYALI,02/01/2021,5,518190,2021,60,11
UCAYALI,02/08/2021,6,518190,2021,50,9
UCAYALI,02/15/2021,7,518190,2021,83,16
UCAYALI,02/22/2021,8,518190,2021,67,12
UCAYALI,03/01/2021,9,518190,2021,57,10
UCAYALI,03/08/2021,10,518190,2021,75,14
UCAYALI,03/15/2021,11,518190,2021,94,18
UCAYALI,03/22/2021,12,518190,2021,104,20
UCAYALI,03/29/2021,13,518190,2021,127,24
UCAYALI,04/05/2021,14,518190,2021,153,29
UCAYALI,04/12/2021,15,518190,2021,135,26
UCAYALI,04/19/2021,16,518190,2021,102,19
UCAYALI,04/26/2021,17,518190,2021,94,18
UCAYALI,05/03/2021,18,518190,2021,81,15
UCAYALI,05/10/2021,19,518190,2021,65,12
UCAYALI,05/17/2021,20,518190,2021,66,12
UCAYALI,05/24/2021,21,518190,2021,59,11
UCAYALI,05/31/2021,22,518190,2021,67,12
UCAYALI,06/07/2021,23,518190,2021,52,10
UCAYALI,06/14/2021,24,518190,2021,48,9
UCAYALI,06/21/2021,25,518190,2021,48,9
UCAYALI,06/28/2021,26,518190,2021,45,8
UCAYALI,07/05/2021,27,518190,2021,43,8
UCAYALI,07/12/2021,28,518190,2021,42,8
UCAYALI,07/19/2021,29,518190,2021,52,10
UCAYALI,07/26/2021,30,518190,2021,49,9
UCAYALI,08/02/2021,31,518190,2021,37,7
UCAYALI,08/09/2021,32,518190,2021,46,8
UCAYALI,08/16/2021,33,518190,2021,56,10
UCAYALI,08/23/2021,34,518190,2021,63,12
UCAYALI,08/30/2021,35,518190,2021,52,10
UCAYALI,09/06/2021,36,518190,2021,44,8
UCAYALI,09/13/2021,37,518190,2021,42,8
UCAYALI,09/20/2021,38,518190,2021,40,7
UCAYALI,09/27/2021,39,518190,2021,44,8
UCAYALI,10/04/2021,40,518190,2021,48,9
UCAYALI,10/11/2021,41,518190,2021,51,9
UCAYALI,10/18/2021,42,518190,2021,42,8
UCAYALI,10/25/2021,43,518190,2021,52,10
UCAYALI,11/01/2021,44,518190,2021,38,7
UCAYALI,11/08/2021,45,518190,2021,35,6
UCAYALI,11/15/2021,46,518190,2021,17,3
